"user_id","username","firstname","lastname","birthday"
"1","julie30","Christopher","Green","1992-09-18"
"2","hunterdorsey","Amanda","Garcia","1985-05-06"
"3","gilbert14","Pamela","Griffith","1967-11-13"
"4","williamssamantha","Zachary","Ramsey","1958-03-04"
"5","gilbertjohn","Kelly","Edwards","1980-11-03"
"6","jordanjonathan","Alexander","Mccormick","1986-03-26"
"7","cheryllopez","Timothy","Daniels","1963-07-07"
"8","cmartinez","Susan","Martinez","2004-05-20"
"9","reginald97","Tanner","Pitts","1976-05-30"
"10","garnerandrew","Johnny","Lowe","1968-06-29"
"11","don18","Andrew","Richardson","2006-04-09"
"12","anthonyroberts","Jill","Curtis","1955-08-04"
"13","peterslucas","Amanda","Combs","1979-04-16"
"14","brownanthony","Karen","Barajas","1979-02-02"
"15","ephillips","Morgan","Griffin","1982-05-18"
"16","rgrant","Christine","Miller","1975-03-31"
"17","gburns","Tasha","Nguyen","1960-01-02"
"18","theresawhite","Cathy","Hurley","2002-08-21"
"19","rachelperry","Stephanie","Turner","1977-06-15"
"20","chandlerashley","Alison","Mathews","1967-07-03"
"21","samantha58","Luke","Terrell","1982-06-08"
"22","curtisheather","Kenneth","Hartman","1996-08-30"
"23","hking","David","Hines","1986-04-12"
"24","sharon13","Sara","Kidd","1957-06-23"
"25","lisafranklin","Christopher","Spears","1963-04-12"
"26","woodardtara","Julie","Patterson","1971-09-30"
"27","cochranblake","Elizabeth","Russell","1962-09-29"
"28","orodriguez","Lisa","White","1964-10-28"
"29","cjones","Joshua","Mcmahon","1989-05-07"
"30","holtbarbara","April","Mann","1964-05-20"
"31","lisalucero","Glenn","Conrad","1977-04-09"
"32","shaunwhite","Patricia","Hoffman","1996-06-04"
"33","randallsmith","Billy","Rojas","1982-05-14"
"34","blackmiguel","Jeremiah","Johnson","2002-08-23"
"35","patriciasims","Emily","Harmon","1997-05-24"
"36","zjohnson","Crystal","Burke","1956-09-08"
"37","kevinwilson","Melissa","Green","2007-11-07"
"38","keith29","Ashley","Vaughn","2004-08-24"
"39","samuel31","Matthew","Gentry","1986-08-10"
"40","jamesmartinez","Mary","Russell","2000-03-16"
"41","floresadam","Catherine","Daugherty","1967-06-09"
"42","michaelphelps","Krystal","Buck","1986-07-09"
"43","fordadrian","Christian","Johnson","1970-02-01"
"44","alexandermacias","Melissa","Welch","1996-04-03"
"45","wayneware","Mary","Guerrero","1968-12-01"
"46","kimberlyjimenez","Kelly","Taylor","1968-11-23"
"47","scottamber","Daniel","Allen","1990-07-30"
"48","wyatt54","Kevin","Cruz","1980-10-03"
"49","robinsongabrielle","Jennifer","Green","1958-11-21"
"50","rachel94","Heather","Cruz","1998-08-24"
